{"cameraMode":{"drawMode":0,"name":"Shaded","section":"Shading Mode"},"sceneLighting":true,"audioPlay":false,"sceneViewState":{"showFog":true,"showMaterialUpdate":false,"showSkybox":true,"showFlares":true,"showImageEffects":true,"showParticleSystems":true},"in2DMode":false,"pivot":{"x":-1.4304442405700684,"y":0.3671243488788605,"z":0.47257983684539797},"rotation":{"x":0.349168062210083,"y":0.12401304394006729,"z":-0.04667903482913971,"w":0.927644670009613},"size":2.7596333026885988,"orthographic":true}